Monad,EastingCentre,NorthingCentre
SE1301,413500,401500
SE1300,413500,400500
SK1399,413500,399500
SE1202,412500,402500
SE1201,412500,401500
SE1200,412500,400500
SK1299,412500,399500
SE1102,411500,402500
SE1101,411500,401500
SE1100,411500,400500
SK1199,411500,399500
SE1003,410500,403500
SE1002,410500,402500
SE1001,410500,401500
SE1000,410500,400500
SK1099,410500,399500
SE0904,409500,404500
SE0903,409500,403500
SE0902,409500,402500
SE0901,409500,401500
SE0900,409500,400500
SK0999,409500,399500
SE0804,408500,404500
SE0803,408500,403500
SE0802,408500,402500
SE0801,408500,401500
SE0800,408500,400500
SK0899,408500,399500
SE0704,407500,404500
SE0703,407500,403500
SE0702,407500,402500
SE0701,407500,401500
SE0700,407500,400500
SK0799,407500,399500
SK0798,407500,398500
SE0604,406500,404500
SE0603,406500,403500
SE0602,406500,402500
SE0601,406500,401500
SE0600,406500,400500
SK0699,406500,399500
SK0698,406500,398500
SE0504,405500,404500
SE0503,405500,403500
SE0502,405500,402500
SE0501,405500,401500
SE0500,405500,400500
SK0599,405500,399500
SK0598,405500,398500
SE0402,404500,402500
SE0401,404500,401500
SE0400,404500,400500
SK0499,404500,399500
SK0498,404500,398500
SK0497,404500,397500
SE0301,403500,401500
SE0300,403500,400500
SK0399,403500,399500
SK0398,403500,398500
SK0397,403500,397500
SE0201,402500,401500
SE0200,402500,400500
SK0299,402500,399500
SK0298,402500,398500
SK0297,402500,397500
SK0296,402500,396500
SE0102,401500,402500
SE0101,401500,401500
SE0100,401500,400500
SK0199,401500,399500
SK0198,401500,398500
SK0197,401500,397500
SK0196,401500,396500
SK0195,401500,395500
SK0183,401500,383500
SK0182,401500,382500
SK0181,401500,381500
SK0180,401500,380500
SK0179,401500,379500
SK0178,401500,378500
SK0177,401500,377500
SK0176,401500,376500
SK0175,401500,375500
SK0174,401500,374500
SK0173,401500,373500
SK0172,401500,372500
SK0171,401500,371500
SK0170,401500,370500
SK0169,401500,369500
SE0002,400500,402500
SE0001,400500,401500
SE0000,400500,400500
SK0099,400500,399500
SK0098,400500,398500
SK0097,400500,397500
SK0096,400500,396500
SK0095,400500,395500
SK0094,400500,394500
SK0084,400500,384500
SK0083,400500,383500
SK0082,400500,382500
SK0081,400500,381500
SK0080,400500,380500
SK0079,400500,379500
SK0078,400500,378500
SK0077,400500,377500
SK0076,400500,376500
SK0075,400500,375500
SK0074,400500,374500
SK0073,400500,373500
SK0072,400500,372500
SK0071,400500,371500
SK0070,400500,370500
SK0069,400500,369500
SK0068,400500,368500
SK0067,400500,367500
SK0066,400500,366500
SD9902,399500,402500
SD9901,399500,401500
SD9900,399500,400500
SJ9999,399500,399500
SJ9998,399500,398500
SJ9997,399500,397500
SJ9996,399500,396500
SJ9995,399500,395500
SJ9994,399500,394500
SJ9993,399500,393500
SJ9985,399500,385500
SJ9984,399500,384500
SJ9983,399500,383500
SJ9982,399500,382500
SJ9981,399500,381500
SJ9980,399500,380500
SJ9979,399500,379500
SJ9978,399500,378500
SJ9977,399500,377500
SJ9976,399500,376500
SJ9975,399500,375500
SJ9974,399500,374500
SJ9973,399500,373500
SJ9972,399500,372500
SJ9971,399500,371500
SJ9970,399500,370500
SJ9969,399500,369500
SJ9968,399500,368500
SJ9967,399500,367500
SJ9966,399500,366500
SJ9965,399500,365500
SD9803,398500,403500
SD9802,398500,402500
SD9801,398500,401500
SD9800,398500,400500
SJ9899,398500,399500
SJ9898,398500,398500
SJ9897,398500,397500
SJ9896,398500,396500
SJ9895,398500,395500
SJ9894,398500,394500
SJ9893,398500,393500
SJ9892,398500,392500
SJ9886,398500,386500
SJ9885,398500,385500
SJ9884,398500,384500
SJ9883,398500,383500
SJ9882,398500,382500
SJ9881,398500,381500
SJ9880,398500,380500
SJ9879,398500,379500
SJ9878,398500,378500
SJ9877,398500,377500
SJ9876,398500,376500
SJ9875,398500,375500
SJ9874,398500,374500
SJ9873,398500,373500
SJ9872,398500,372500
SJ9871,398500,371500
SJ9870,398500,370500
SJ9869,398500,369500
SJ9868,398500,368500
SJ9867,398500,367500
SJ9866,398500,366500
SJ9865,398500,365500
SD9703,397500,403500
SD9702,397500,402500
SD9701,397500,401500
SD9700,397500,400500
SJ9799,397500,399500
SJ9798,397500,398500
SJ9797,397500,397500
SJ9796,397500,396500
SJ9795,397500,395500
SJ9794,397500,394500
SJ9793,397500,393500
SJ9792,397500,392500
SJ9791,397500,391500
SJ9790,397500,390500
SJ9787,397500,387500
SJ9786,397500,386500
SJ9785,397500,385500
SJ9784,397500,384500
SJ9783,397500,383500
SJ9782,397500,382500
SJ9781,397500,381500
SJ9780,397500,380500
SJ9779,397500,379500
SJ9778,397500,378500
SJ9777,397500,377500
SJ9776,397500,376500
SJ9775,397500,375500
SJ9774,397500,374500
SJ9773,397500,373500
SJ9772,397500,372500
SJ9771,397500,371500
SJ9770,397500,370500
SJ9769,397500,369500
SJ9768,397500,368500
SJ9767,397500,367500
SJ9766,397500,366500
SJ9699,396500,399500
SJ9698,396500,398500
SJ9697,396500,397500
SJ9696,396500,396500
SJ9695,396500,395500
SJ9694,396500,394500
SJ9693,396500,393500
SJ9692,396500,392500
SJ9691,396500,391500
SJ9690,396500,390500
SJ9689,396500,389500
SJ9688,396500,388500
SJ9687,396500,387500
SJ9686,396500,386500
SJ9685,396500,385500
SJ9684,396500,384500
SJ9683,396500,383500
SJ9682,396500,382500
SJ9681,396500,381500
SJ9680,396500,380500
SJ9679,396500,379500
SJ9678,396500,378500
SJ9677,396500,377500
SJ9676,396500,376500
SJ9675,396500,375500
SJ9674,396500,374500
SJ9673,396500,373500
SJ9672,396500,372500
SJ9671,396500,371500
SJ9670,396500,370500
SJ9669,396500,369500
SJ9668,396500,368500
SJ9667,396500,367500
SJ9666,396500,366500
SJ9665,396500,365500
SJ9664,396500,364500
SJ9598,395500,398500
SJ9597,395500,397500
SJ9596,395500,396500
SJ9595,395500,395500
SJ9594,395500,394500
SJ9593,395500,393500
SJ9592,395500,392500
SJ9591,395500,391500
SJ9590,395500,390500
SJ9589,395500,389500
SJ9588,395500,388500
SJ9587,395500,387500
SJ9586,395500,386500
SJ9585,395500,385500
SJ9584,395500,384500
SJ9583,395500,383500
SJ9582,395500,382500
SJ9581,395500,381500
SJ9580,395500,380500
SJ9579,395500,379500
SJ9578,395500,378500
SJ9577,395500,377500
SJ9576,395500,376500
SJ9575,395500,375500
SJ9574,395500,374500
SJ9573,395500,373500
SJ9572,395500,372500
SJ9571,395500,371500
SJ9570,395500,370500
SJ9569,395500,369500
SJ9568,395500,368500
SJ9567,395500,367500
SJ9566,395500,366500
SJ9565,395500,365500
SJ9564,395500,364500
SJ9563,395500,363500
SJ9498,394500,398500
SJ9497,394500,397500
SJ9496,394500,396500
SJ9495,394500,395500
SJ9494,394500,394500
SJ9493,394500,393500
SJ9492,394500,392500
SJ9491,394500,391500
SJ9490,394500,390500
SJ9489,394500,389500
SJ9488,394500,388500
SJ9487,394500,387500
SJ9486,394500,386500
SJ9485,394500,385500
SJ9484,394500,384500
SJ9483,394500,383500
SJ9482,394500,382500
SJ9481,394500,381500
SJ9480,394500,380500
SJ9479,394500,379500
SJ9478,394500,378500
SJ9477,394500,377500
SJ9476,394500,376500
SJ9475,394500,375500
SJ9474,394500,374500
SJ9473,394500,373500
SJ9472,394500,372500
SJ9471,394500,371500
SJ9470,394500,370500
SJ9469,394500,369500
SJ9468,394500,368500
SJ9467,394500,367500
SJ9466,394500,366500
SJ9465,394500,365500
SJ9464,394500,364500
SJ9463,394500,363500
SJ9398,393500,398500
SJ9397,393500,397500
SJ9396,393500,396500
SJ9395,393500,395500
SJ9394,393500,394500
SJ9393,393500,393500
SJ9392,393500,392500
SJ9391,393500,391500
SJ9390,393500,390500
SJ9389,393500,389500
SJ9388,393500,388500
SJ9387,393500,387500
SJ9386,393500,386500
SJ9385,393500,385500
SJ9384,393500,384500
SJ9383,393500,383500
SJ9382,393500,382500
SJ9381,393500,381500
SJ9380,393500,380500
SJ9379,393500,379500
SJ9378,393500,378500
SJ9377,393500,377500
SJ9376,393500,376500
SJ9375,393500,375500
SJ9374,393500,374500
SJ9373,393500,373500
SJ9372,393500,372500
SJ9371,393500,371500
SJ9370,393500,370500
SJ9369,393500,369500
SJ9368,393500,368500
SJ9367,393500,367500
SJ9366,393500,366500
SJ9365,393500,365500
SJ9364,393500,364500
SJ9363,393500,363500
SJ9297,392500,397500
SJ9293,392500,393500
SJ9292,392500,392500
SJ9291,392500,391500
SJ9290,392500,390500
SJ9289,392500,389500
SJ9288,392500,388500
SJ9287,392500,387500
SJ9286,392500,386500
SJ9285,392500,385500
SJ9284,392500,384500
SJ9283,392500,383500
SJ9282,392500,382500
SJ9281,392500,381500
SJ9280,392500,380500
SJ9279,392500,379500
SJ9278,392500,378500
SJ9277,392500,377500
SJ9276,392500,376500
SJ9275,392500,375500
SJ9274,392500,374500
SJ9273,392500,373500
SJ9272,392500,372500
SJ9271,392500,371500
SJ9270,392500,370500
SJ9269,392500,369500
SJ9268,392500,368500
SJ9267,392500,367500
SJ9266,392500,366500
SJ9265,392500,365500
SJ9264,392500,364500
SJ9263,392500,363500
SJ9193,391500,393500
SJ9192,391500,392500
SJ9191,391500,391500
SJ9190,391500,390500
SJ9189,391500,389500
SJ9188,391500,388500
SJ9187,391500,387500
SJ9186,391500,386500
SJ9185,391500,385500
SJ9184,391500,384500
SJ9183,391500,383500
SJ9182,391500,382500
SJ9181,391500,381500
SJ9180,391500,380500
SJ9179,391500,379500
SJ9178,391500,378500
SJ9177,391500,377500
SJ9176,391500,376500
SJ9175,391500,375500
SJ9174,391500,374500
SJ9173,391500,373500
SJ9172,391500,372500
SJ9171,391500,371500
SJ9170,391500,370500
SJ9169,391500,369500
SJ9168,391500,368500
SJ9167,391500,367500
SJ9166,391500,366500
SJ9165,391500,365500
SJ9164,391500,364500
SJ9093,390500,393500
SJ9092,390500,392500
SJ9091,390500,391500
SJ9090,390500,390500
SJ9089,390500,389500
SJ9088,390500,388500
SJ9087,390500,387500
SJ9086,390500,386500
SJ9085,390500,385500
SJ9084,390500,384500
SJ9083,390500,383500
SJ9082,390500,382500
SJ9081,390500,381500
SJ9080,390500,380500
SJ9079,390500,379500
SJ9078,390500,378500
SJ9077,390500,377500
SJ9076,390500,376500
SJ9075,390500,375500
SJ9074,390500,374500
SJ9073,390500,373500
SJ9072,390500,372500
SJ9071,390500,371500
SJ9070,390500,370500
SJ9069,390500,369500
SJ9068,390500,368500
SJ9067,390500,367500
SJ9066,390500,366500
SJ9065,390500,365500
SJ9064,390500,364500
SJ9063,390500,363500
SJ9062,390500,362500
SJ8991,389500,391500
SJ8990,389500,390500
SJ8989,389500,389500
SJ8988,389500,388500
SJ8987,389500,387500
SJ8986,389500,386500
SJ8985,389500,385500
SJ8984,389500,384500
SJ8983,389500,383500
SJ8982,389500,382500
SJ8981,389500,381500
SJ8980,389500,380500
SJ8979,389500,379500
SJ8978,389500,378500
SJ8977,389500,377500
SJ8976,389500,376500
SJ8975,389500,375500
SJ8974,389500,374500
SJ8973,389500,373500
SJ8972,389500,372500
SJ8971,389500,371500
SJ8970,389500,370500
SJ8969,389500,369500
SJ8968,389500,368500
SJ8967,389500,367500
SJ8966,389500,366500
SJ8965,389500,365500
SJ8964,389500,364500
SJ8963,389500,363500
SJ8962,389500,362500
SJ8961,389500,361500
SJ8890,388500,390500
SJ8889,388500,389500
SJ8888,388500,388500
SJ8887,388500,387500
SJ8886,388500,386500
SJ8885,388500,385500
SJ8884,388500,384500
SJ8883,388500,383500
SJ8882,388500,382500
SJ8881,388500,381500
SJ8880,388500,380500
SJ8879,388500,379500
SJ8878,388500,378500
SJ8877,388500,377500
SJ8876,388500,376500
SJ8875,388500,375500
SJ8874,388500,374500
SJ8873,388500,373500
SJ8872,388500,372500
SJ8871,388500,371500
SJ8870,388500,370500
SJ8869,388500,369500
SJ8868,388500,368500
SJ8867,388500,367500
SJ8866,388500,366500
SJ8865,388500,365500
SJ8864,388500,364500
SJ8863,388500,363500
SJ8862,388500,362500
SJ8861,388500,361500
SJ8860,388500,360500
SJ8789,387500,389500
SJ8788,387500,388500
SJ8787,387500,387500
SJ8786,387500,386500
SJ8785,387500,385500
SJ8784,387500,384500
SJ8783,387500,383500
SJ8782,387500,382500
SJ8781,387500,381500
SJ8780,387500,380500
SJ8779,387500,379500
SJ8778,387500,378500
SJ8777,387500,377500
SJ8776,387500,376500
SJ8775,387500,375500
SJ8774,387500,374500
SJ8773,387500,373500
SJ8772,387500,372500
SJ8771,387500,371500
SJ8770,387500,370500
SJ8769,387500,369500
SJ8768,387500,368500
SJ8767,387500,367500
SJ8766,387500,366500
SJ8765,387500,365500
SJ8764,387500,364500
SJ8763,387500,363500
SJ8762,387500,362500
SJ8761,387500,361500
SJ8760,387500,360500
SJ8759,387500,359500
SJ8758,387500,358500
SJ8690,386500,390500
SJ8689,386500,389500
SJ8688,386500,388500
SJ8687,386500,387500
SJ8686,386500,386500
SJ8685,386500,385500
SJ8684,386500,384500
SJ8683,386500,383500
SJ8682,386500,382500
SJ8681,386500,381500
SJ8680,386500,380500
SJ8679,386500,379500
SJ8678,386500,378500
SJ8677,386500,377500
SJ8676,386500,376500
SJ8675,386500,375500
SJ8674,386500,374500
SJ8673,386500,373500
SJ8672,386500,372500
SJ8671,386500,371500
SJ8670,386500,370500
SJ8669,386500,369500
SJ8668,386500,368500
SJ8667,386500,367500
SJ8666,386500,366500
SJ8665,386500,365500
SJ8664,386500,364500
SJ8663,386500,363500
SJ8662,386500,362500
SJ8661,386500,361500
SJ8660,386500,360500
SJ8659,386500,359500
SJ8658,386500,358500
SJ8657,386500,357500
SJ8590,385500,390500
SJ8589,385500,389500
SJ8588,385500,388500
SJ8587,385500,387500
SJ8586,385500,386500
SJ8585,385500,385500
SJ8584,385500,384500
SJ8583,385500,383500
SJ8582,385500,382500
SJ8581,385500,381500
SJ8580,385500,380500
SJ8579,385500,379500
SJ8578,385500,378500
SJ8577,385500,377500
SJ8576,385500,376500
SJ8575,385500,375500
SJ8574,385500,374500
SJ8573,385500,373500
SJ8572,385500,372500
SJ8571,385500,371500
SJ8570,385500,370500
SJ8569,385500,369500
SJ8568,385500,368500
SJ8567,385500,367500
SJ8566,385500,366500
SJ8565,385500,365500
SJ8564,385500,364500
SJ8563,385500,363500
SJ8562,385500,362500
SJ8561,385500,361500
SJ8560,385500,360500
SJ8559,385500,359500
SJ8558,385500,358500
SJ8557,385500,357500
SJ8556,385500,356500
SJ8490,384500,390500
SJ8489,384500,389500
SJ8488,384500,388500
SJ8487,384500,387500
SJ8486,384500,386500
SJ8485,384500,385500
SJ8484,384500,384500
SJ8483,384500,383500
SJ8482,384500,382500
SJ8481,384500,381500
SJ8480,384500,380500
SJ8479,384500,379500
SJ8478,384500,378500
SJ8477,384500,377500
SJ8476,384500,376500
SJ8475,384500,375500
SJ8474,384500,374500
SJ8473,384500,373500
SJ8472,384500,372500
SJ8471,384500,371500
SJ8470,384500,370500
SJ8469,384500,369500
SJ8468,384500,368500
SJ8467,384500,367500
SJ8466,384500,366500
SJ8465,384500,365500
SJ8464,384500,364500
SJ8463,384500,363500
SJ8462,384500,362500
SJ8461,384500,361500
SJ8460,384500,360500
SJ8459,384500,359500
SJ8458,384500,358500
SJ8457,384500,357500
SJ8456,384500,356500
SJ8455,384500,355500
SJ8391,383500,391500
SJ8390,383500,390500
SJ8389,383500,389500
SJ8388,383500,388500
SJ8387,383500,387500
SJ8386,383500,386500
SJ8385,383500,385500
SJ8384,383500,384500
SJ8383,383500,383500
SJ8382,383500,382500
SJ8381,383500,381500
SJ8380,383500,380500
SJ8379,383500,379500
SJ8378,383500,378500
SJ8377,383500,377500
SJ8376,383500,376500
SJ8375,383500,375500
SJ8374,383500,374500
SJ8373,383500,373500
SJ8372,383500,372500
SJ8371,383500,371500
SJ8370,383500,370500
SJ8369,383500,369500
SJ8368,383500,368500
SJ8367,383500,367500
SJ8366,383500,366500
SJ8365,383500,365500
SJ8364,383500,364500
SJ8363,383500,363500
SJ8362,383500,362500
SJ8361,383500,361500
SJ8360,383500,360500
SJ8359,383500,359500
SJ8358,383500,358500
SJ8357,383500,357500
SJ8356,383500,356500
SJ8355,383500,355500
SJ8354,383500,354500
SJ8291,382500,391500
SJ8290,382500,390500
SJ8289,382500,389500
SJ8288,382500,388500
SJ8287,382500,387500
SJ8286,382500,386500
SJ8285,382500,385500
SJ8284,382500,384500
SJ8283,382500,383500
SJ8282,382500,382500
SJ8281,382500,381500
SJ8280,382500,380500
SJ8279,382500,379500
SJ8278,382500,378500
SJ8277,382500,377500
SJ8276,382500,376500
SJ8275,382500,375500
SJ8274,382500,374500
SJ8273,382500,373500
SJ8272,382500,372500
SJ8271,382500,371500
SJ8270,382500,370500
SJ8269,382500,369500
SJ8268,382500,368500
SJ8267,382500,367500
SJ8266,382500,366500
SJ8265,382500,365500
SJ8264,382500,364500
SJ8263,382500,363500
SJ8262,382500,362500
SJ8261,382500,361500
SJ8260,382500,360500
SJ8259,382500,359500
SJ8258,382500,358500
SJ8257,382500,357500
SJ8256,382500,356500
SJ8255,382500,355500
SJ8254,382500,354500
SJ8192,381500,392500
SJ8191,381500,391500
SJ8190,381500,390500
SJ8189,381500,389500
SJ8188,381500,388500
SJ8187,381500,387500
SJ8186,381500,386500
SJ8185,381500,385500
SJ8184,381500,384500
SJ8183,381500,383500
SJ8182,381500,382500
SJ8181,381500,381500
SJ8180,381500,380500
SJ8179,381500,379500
SJ8178,381500,378500
SJ8177,381500,377500
SJ8176,381500,376500
SJ8175,381500,375500
SJ8174,381500,374500
SJ8173,381500,373500
SJ8172,381500,372500
SJ8171,381500,371500
SJ8170,381500,370500
SJ8169,381500,369500
SJ8168,381500,368500
SJ8167,381500,367500
SJ8166,381500,366500
SJ8165,381500,365500
SJ8164,381500,364500
SJ8163,381500,363500
SJ8162,381500,362500
SJ8161,381500,361500
SJ8160,381500,360500
SJ8159,381500,359500
SJ8158,381500,358500
SJ8157,381500,357500
SJ8156,381500,356500
SJ8155,381500,355500
SJ8154,381500,354500
SJ8153,381500,353500
SJ8093,380500,393500
SJ8092,380500,392500
SJ8091,380500,391500
SJ8090,380500,390500
SJ8089,380500,389500
SJ8088,380500,388500
SJ8087,380500,387500
SJ8086,380500,386500
SJ8085,380500,385500
SJ8084,380500,384500
SJ8083,380500,383500
SJ8082,380500,382500
SJ8081,380500,381500
SJ8080,380500,380500
SJ8079,380500,379500
SJ8078,380500,378500
SJ8077,380500,377500
SJ8076,380500,376500
SJ8075,380500,375500
SJ8074,380500,374500
SJ8073,380500,373500
SJ8072,380500,372500
SJ8071,380500,371500
SJ8070,380500,370500
SJ8069,380500,369500
SJ8068,380500,368500
SJ8067,380500,367500
SJ8066,380500,366500
SJ8065,380500,365500
SJ8064,380500,364500
SJ8063,380500,363500
SJ8062,380500,362500
SJ8061,380500,361500
SJ8060,380500,360500
SJ8059,380500,359500
SJ8058,380500,358500
SJ8057,380500,357500
SJ8056,380500,356500
SJ8055,380500,355500
SJ8054,380500,354500
SJ8053,380500,353500
SJ7993,379500,393500
SJ7992,379500,392500
SJ7991,379500,391500
SJ7990,379500,390500
SJ7989,379500,389500
SJ7988,379500,388500
SJ7987,379500,387500
SJ7986,379500,386500
SJ7985,379500,385500
SJ7984,379500,384500
SJ7983,379500,383500
SJ7982,379500,382500
SJ7981,379500,381500
SJ7980,379500,380500
SJ7979,379500,379500
SJ7978,379500,378500
SJ7977,379500,377500
SJ7976,379500,376500
SJ7975,379500,375500
SJ7974,379500,374500
SJ7973,379500,373500
SJ7972,379500,372500
SJ7971,379500,371500
SJ7970,379500,370500
SJ7969,379500,369500
SJ7968,379500,368500
SJ7967,379500,367500
SJ7966,379500,366500
SJ7965,379500,365500
SJ7964,379500,364500
SJ7963,379500,363500
SJ7962,379500,362500
SJ7961,379500,361500
SJ7960,379500,360500
SJ7959,379500,359500
SJ7958,379500,358500
SJ7957,379500,357500
SJ7956,379500,356500
SJ7955,379500,355500
SJ7954,379500,354500
SJ7953,379500,353500
SJ7893,378500,393500
SJ7892,378500,392500
SJ7891,378500,391500
SJ7890,378500,390500
SJ7889,378500,389500
SJ7888,378500,388500
SJ7887,378500,387500
SJ7886,378500,386500
SJ7885,378500,385500
SJ7884,378500,384500
SJ7883,378500,383500
SJ7882,378500,382500
SJ7881,378500,381500
SJ7880,378500,380500
SJ7879,378500,379500
SJ7878,378500,378500
SJ7877,378500,377500
SJ7876,378500,376500
SJ7875,378500,375500
SJ7874,378500,374500
SJ7873,378500,373500
SJ7872,378500,372500
SJ7871,378500,371500
SJ7870,378500,370500
SJ7869,378500,369500
SJ7868,378500,368500
SJ7867,378500,367500
SJ7866,378500,366500
SJ7865,378500,365500
SJ7864,378500,364500
SJ7863,378500,363500
SJ7862,378500,362500
SJ7861,378500,361500
SJ7860,378500,360500
SJ7859,378500,359500
SJ7858,378500,358500
SJ7857,378500,357500
SJ7856,378500,356500
SJ7855,378500,355500
SJ7854,378500,354500
SJ7853,378500,353500
SJ7852,378500,352500
SJ7793,377500,393500
SJ7792,377500,392500
SJ7791,377500,391500
SJ7790,377500,390500
SJ7789,377500,389500
SJ7788,377500,388500
SJ7787,377500,387500
SJ7786,377500,386500
SJ7785,377500,385500
SJ7784,377500,384500
SJ7783,377500,383500
SJ7782,377500,382500
SJ7781,377500,381500
SJ7780,377500,380500
SJ7779,377500,379500
SJ7778,377500,378500
SJ7777,377500,377500
SJ7776,377500,376500
SJ7775,377500,375500
SJ7774,377500,374500
SJ7773,377500,373500
SJ7772,377500,372500
SJ7771,377500,371500
SJ7770,377500,370500
SJ7769,377500,369500
SJ7768,377500,368500
SJ7767,377500,367500
SJ7766,377500,366500
SJ7765,377500,365500
SJ7764,377500,364500
SJ7763,377500,363500
SJ7762,377500,362500
SJ7761,377500,361500
SJ7760,377500,360500
SJ7759,377500,359500
SJ7758,377500,358500
SJ7757,377500,357500
SJ7756,377500,356500
SJ7755,377500,355500
SJ7754,377500,354500
SJ7753,377500,353500
SJ7752,377500,352500
SJ7751,377500,351500
SJ7693,376500,393500
SJ7692,376500,392500
SJ7691,376500,391500
SJ7690,376500,390500
SJ7689,376500,389500
SJ7688,376500,388500
SJ7687,376500,387500
SJ7686,376500,386500
SJ7685,376500,385500
SJ7684,376500,384500
SJ7683,376500,383500
SJ7682,376500,382500
SJ7681,376500,381500
SJ7680,376500,380500
SJ7679,376500,379500
SJ7678,376500,378500
SJ7677,376500,377500
SJ7676,376500,376500
SJ7675,376500,375500
SJ7674,376500,374500
SJ7673,376500,373500
SJ7672,376500,372500
SJ7671,376500,371500
SJ7670,376500,370500
SJ7669,376500,369500
SJ7668,376500,368500
SJ7667,376500,367500
SJ7666,376500,366500
SJ7665,376500,365500
SJ7664,376500,364500
SJ7663,376500,363500
SJ7662,376500,362500
SJ7661,376500,361500
SJ7660,376500,360500
SJ7659,376500,359500
SJ7658,376500,358500
SJ7657,376500,357500
SJ7656,376500,356500
SJ7655,376500,355500
SJ7654,376500,354500
SJ7653,376500,353500
SJ7652,376500,352500
SJ7651,376500,351500
SJ7593,375500,393500
SJ7592,375500,392500
SJ7591,375500,391500
SJ7590,375500,390500
SJ7589,375500,389500
SJ7588,375500,388500
SJ7587,375500,387500
SJ7586,375500,386500
SJ7585,375500,385500
SJ7584,375500,384500
SJ7583,375500,383500
SJ7582,375500,382500
SJ7581,375500,381500
SJ7580,375500,380500
SJ7579,375500,379500
SJ7578,375500,378500
SJ7577,375500,377500
SJ7576,375500,376500
SJ7575,375500,375500
SJ7574,375500,374500
SJ7573,375500,373500
SJ7572,375500,372500
SJ7571,375500,371500
SJ7570,375500,370500
SJ7569,375500,369500
SJ7568,375500,368500
SJ7567,375500,367500
SJ7566,375500,366500
SJ7565,375500,365500
SJ7564,375500,364500
SJ7563,375500,363500
SJ7562,375500,362500
SJ7561,375500,361500
SJ7560,375500,360500
SJ7559,375500,359500
SJ7558,375500,358500
SJ7557,375500,357500
SJ7556,375500,356500
SJ7555,375500,355500
SJ7554,375500,354500
SJ7553,375500,353500
SJ7552,375500,352500
SJ7551,375500,351500
SJ7547,375500,347500
SJ7546,375500,346500
SJ7493,374500,393500
SJ7492,374500,392500
SJ7491,374500,391500
SJ7490,374500,390500
SJ7489,374500,389500
SJ7488,374500,388500
SJ7487,374500,387500
SJ7486,374500,386500
SJ7485,374500,385500
SJ7484,374500,384500
SJ7483,374500,383500
SJ7482,374500,382500
SJ7481,374500,381500
SJ7480,374500,380500
SJ7479,374500,379500
SJ7478,374500,378500
SJ7477,374500,377500
SJ7476,374500,376500
SJ7475,374500,375500
SJ7474,374500,374500
SJ7473,374500,373500
SJ7472,374500,372500
SJ7471,374500,371500
SJ7470,374500,370500
SJ7469,374500,369500
SJ7468,374500,368500
SJ7467,374500,367500
SJ7466,374500,366500
SJ7465,374500,365500
SJ7464,374500,364500
SJ7463,374500,363500
SJ7462,374500,362500
SJ7461,374500,361500
SJ7460,374500,360500
SJ7459,374500,359500
SJ7458,374500,358500
SJ7457,374500,357500
SJ7456,374500,356500
SJ7455,374500,355500
SJ7454,374500,354500
SJ7453,374500,353500
SJ7452,374500,352500
SJ7451,374500,351500
SJ7450,374500,350500
SJ7449,374500,349500
SJ7448,374500,348500
SJ7447,374500,347500
SJ7446,374500,346500
SJ7445,374500,345500
SJ7444,374500,344500
SJ7393,373500,393500
SJ7392,373500,392500
SJ7391,373500,391500
SJ7390,373500,390500
SJ7389,373500,389500
SJ7388,373500,388500
SJ7387,373500,387500
SJ7386,373500,386500
SJ7385,373500,385500
SJ7384,373500,384500
SJ7383,373500,383500
SJ7382,373500,382500
SJ7381,373500,381500
SJ7380,373500,380500
SJ7379,373500,379500
SJ7378,373500,378500
SJ7377,373500,377500
SJ7376,373500,376500
SJ7375,373500,375500
SJ7374,373500,374500
SJ7373,373500,373500
SJ7372,373500,372500
SJ7371,373500,371500
SJ7370,373500,370500
SJ7369,373500,369500
SJ7368,373500,368500
SJ7367,373500,367500
SJ7366,373500,366500
SJ7365,373500,365500
SJ7364,373500,364500
SJ7363,373500,363500
SJ7362,373500,362500
SJ7361,373500,361500
SJ7360,373500,360500
SJ7359,373500,359500
SJ7358,373500,358500
SJ7357,373500,357500
SJ7356,373500,356500
SJ7355,373500,355500
SJ7354,373500,354500
SJ7353,373500,353500
SJ7352,373500,352500
SJ7351,373500,351500
SJ7350,373500,350500
SJ7349,373500,349500
SJ7348,373500,348500
SJ7347,373500,347500
SJ7346,373500,346500
SJ7345,373500,345500
SJ7344,373500,344500
SJ7293,372500,393500
SJ7292,372500,392500
SJ7291,372500,391500
SJ7290,372500,390500
SJ7289,372500,389500
SJ7288,372500,388500
SJ7287,372500,387500
SJ7286,372500,386500
SJ7285,372500,385500
SJ7284,372500,384500
SJ7283,372500,383500
SJ7282,372500,382500
SJ7281,372500,381500
SJ7280,372500,380500
SJ7279,372500,379500
SJ7278,372500,378500
SJ7277,372500,377500
SJ7276,372500,376500
SJ7275,372500,375500
SJ7274,372500,374500
SJ7273,372500,373500
SJ7272,372500,372500
SJ7271,372500,371500
SJ7270,372500,370500
SJ7269,372500,369500
SJ7268,372500,368500
SJ7267,372500,367500
SJ7266,372500,366500
SJ7265,372500,365500
SJ7264,372500,364500
SJ7263,372500,363500
SJ7262,372500,362500
SJ7261,372500,361500
SJ7260,372500,360500
SJ7259,372500,359500
SJ7258,372500,358500
SJ7257,372500,357500
SJ7256,372500,356500
SJ7255,372500,355500
SJ7254,372500,354500
SJ7253,372500,353500
SJ7252,372500,352500
SJ7251,372500,351500
SJ7250,372500,350500
SJ7249,372500,349500
SJ7248,372500,348500
SJ7247,372500,347500
SJ7246,372500,346500
SJ7245,372500,345500
SJ7244,372500,344500
SJ7243,372500,343500
SJ7193,371500,393500
SJ7192,371500,392500
SJ7191,371500,391500
SJ7190,371500,390500
SJ7189,371500,389500
SJ7188,371500,388500
SJ7187,371500,387500
SJ7186,371500,386500
SJ7185,371500,385500
SJ7184,371500,384500
SJ7183,371500,383500
SJ7182,371500,382500
SJ7181,371500,381500
SJ7180,371500,380500
SJ7179,371500,379500
SJ7178,371500,378500
SJ7177,371500,377500
SJ7176,371500,376500
SJ7175,371500,375500
SJ7174,371500,374500
SJ7173,371500,373500
SJ7172,371500,372500
SJ7171,371500,371500
SJ7170,371500,370500
SJ7169,371500,369500
SJ7168,371500,368500
SJ7167,371500,367500
SJ7166,371500,366500
SJ7165,371500,365500
SJ7164,371500,364500
SJ7163,371500,363500
SJ7162,371500,362500
SJ7161,371500,361500
SJ7160,371500,360500
SJ7159,371500,359500
SJ7158,371500,358500
SJ7157,371500,357500
SJ7156,371500,356500
SJ7155,371500,355500
SJ7154,371500,354500
SJ7153,371500,353500
SJ7152,371500,352500
SJ7151,371500,351500
SJ7150,371500,350500
SJ7149,371500,349500
SJ7148,371500,348500
SJ7147,371500,347500
SJ7146,371500,346500
SJ7145,371500,345500
SJ7144,371500,344500
SJ7143,371500,343500
SJ7091,370500,391500
SJ7090,370500,390500
SJ7089,370500,389500
SJ7088,370500,388500
SJ7087,370500,387500
SJ7086,370500,386500
SJ7085,370500,385500
SJ7084,370500,384500
SJ7083,370500,383500
SJ7082,370500,382500
SJ7081,370500,381500
SJ7080,370500,380500
SJ7079,370500,379500
SJ7078,370500,378500
SJ7077,370500,377500
SJ7076,370500,376500
SJ7075,370500,375500
SJ7074,370500,374500
SJ7073,370500,373500
SJ7072,370500,372500
SJ7071,370500,371500
SJ7070,370500,370500
SJ7069,370500,369500
SJ7068,370500,368500
SJ7067,370500,367500
SJ7066,370500,366500
SJ7065,370500,365500
SJ7064,370500,364500
SJ7063,370500,363500
SJ7062,370500,362500
SJ7061,370500,361500
SJ7060,370500,360500
SJ7059,370500,359500
SJ7058,370500,358500
SJ7057,370500,357500
SJ7056,370500,356500
SJ7055,370500,355500
SJ7054,370500,354500
SJ7053,370500,353500
SJ7052,370500,352500
SJ7051,370500,351500
SJ7050,370500,350500
SJ7049,370500,349500
SJ7048,370500,348500
SJ7047,370500,347500
SJ7046,370500,346500
SJ7045,370500,345500
SJ7044,370500,344500
SJ7043,370500,343500
SJ7042,370500,342500
SJ7041,370500,341500
SJ6990,369500,390500
SJ6989,369500,389500
SJ6988,369500,388500
SJ6987,369500,387500
SJ6986,369500,386500
SJ6985,369500,385500
SJ6984,369500,384500
SJ6983,369500,383500
SJ6982,369500,382500
SJ6981,369500,381500
SJ6980,369500,380500
SJ6979,369500,379500
SJ6978,369500,378500
SJ6977,369500,377500
SJ6976,369500,376500
SJ6975,369500,375500
SJ6974,369500,374500
SJ6973,369500,373500
SJ6972,369500,372500
SJ6971,369500,371500
SJ6970,369500,370500
SJ6969,369500,369500
SJ6968,369500,368500
SJ6967,369500,367500
SJ6966,369500,366500
SJ6965,369500,365500
SJ6964,369500,364500
SJ6963,369500,363500
SJ6962,369500,362500
SJ6961,369500,361500
SJ6960,369500,360500
SJ6959,369500,359500
SJ6958,369500,358500
SJ6957,369500,357500
SJ6956,369500,356500
SJ6955,369500,355500
SJ6954,369500,354500
SJ6953,369500,353500
SJ6952,369500,352500
SJ6951,369500,351500
SJ6950,369500,350500
SJ6949,369500,349500
SJ6948,369500,348500
SJ6947,369500,347500
SJ6946,369500,346500
SJ6945,369500,345500
SJ6944,369500,344500
SJ6943,369500,343500
SJ6942,369500,342500
SJ6941,369500,341500
SJ6940,369500,340500
SJ6889,368500,389500
SJ6888,368500,388500
SJ6887,368500,387500
SJ6886,368500,386500
SJ6885,368500,385500
SJ6884,368500,384500
SJ6883,368500,383500
SJ6882,368500,382500
SJ6881,368500,381500
SJ6880,368500,380500
SJ6879,368500,379500
SJ6878,368500,378500
SJ6877,368500,377500
SJ6876,368500,376500
SJ6875,368500,375500
SJ6874,368500,374500
SJ6873,368500,373500
SJ6872,368500,372500
SJ6871,368500,371500
SJ6870,368500,370500
SJ6869,368500,369500
SJ6868,368500,368500
SJ6867,368500,367500
SJ6866,368500,366500
SJ6865,368500,365500
SJ6864,368500,364500
SJ6863,368500,363500
SJ6862,368500,362500
SJ6861,368500,361500
SJ6860,368500,360500
SJ6859,368500,359500
SJ6858,368500,358500
SJ6857,368500,357500
SJ6856,368500,356500
SJ6855,368500,355500
SJ6854,368500,354500
SJ6853,368500,353500
SJ6852,368500,352500
SJ6851,368500,351500
SJ6850,368500,350500
SJ6849,368500,349500
SJ6848,368500,348500
SJ6847,368500,347500
SJ6846,368500,346500
SJ6845,368500,345500
SJ6844,368500,344500
SJ6843,368500,343500
SJ6842,368500,342500
SJ6841,368500,341500
SJ6840,368500,340500
SJ6789,367500,389500
SJ6788,367500,388500
SJ6787,367500,387500
SJ6786,367500,386500
SJ6785,367500,385500
SJ6784,367500,384500
SJ6783,367500,383500
SJ6782,367500,382500
SJ6781,367500,381500
SJ6780,367500,380500
SJ6779,367500,379500
SJ6778,367500,378500
SJ6777,367500,377500
SJ6776,367500,376500
SJ6775,367500,375500
SJ6774,367500,374500
SJ6773,367500,373500
SJ6772,367500,372500
SJ6771,367500,371500
SJ6770,367500,370500
SJ6769,367500,369500
SJ6768,367500,368500
SJ6767,367500,367500
SJ6766,367500,366500
SJ6765,367500,365500
SJ6764,367500,364500
SJ6763,367500,363500
SJ6762,367500,362500
SJ6761,367500,361500
SJ6760,367500,360500
SJ6759,367500,359500
SJ6758,367500,358500
SJ6757,367500,357500
SJ6756,367500,356500
SJ6755,367500,355500
SJ6754,367500,354500
SJ6753,367500,353500
SJ6752,367500,352500
SJ6751,367500,351500
SJ6750,367500,350500
SJ6749,367500,349500
SJ6748,367500,348500
SJ6747,367500,347500
SJ6746,367500,346500
SJ6745,367500,345500
SJ6744,367500,344500
SJ6743,367500,343500
SJ6742,367500,342500
SJ6741,367500,341500
SJ6740,367500,340500
SJ6689,366500,389500
SJ6688,366500,388500
SJ6687,366500,387500
SJ6686,366500,386500
SJ6685,366500,385500
SJ6684,366500,384500
SJ6683,366500,383500
SJ6682,366500,382500
SJ6681,366500,381500
SJ6680,366500,380500
SJ6679,366500,379500
SJ6678,366500,378500
SJ6677,366500,377500
SJ6676,366500,376500
SJ6675,366500,375500
SJ6674,366500,374500
SJ6673,366500,373500
SJ6672,366500,372500
SJ6671,366500,371500
SJ6670,366500,370500
SJ6669,366500,369500
SJ6668,366500,368500
SJ6667,366500,367500
SJ6666,366500,366500
SJ6665,366500,365500
SJ6664,366500,364500
SJ6663,366500,363500
SJ6662,366500,362500
SJ6661,366500,361500
SJ6660,366500,360500
SJ6659,366500,359500
SJ6658,366500,358500
SJ6657,366500,357500
SJ6656,366500,356500
SJ6655,366500,355500
SJ6654,366500,354500
SJ6653,366500,353500
SJ6652,366500,352500
SJ6651,366500,351500
SJ6650,366500,350500
SJ6649,366500,349500
SJ6648,366500,348500
SJ6647,366500,347500
SJ6646,366500,346500
SJ6645,366500,345500
SJ6644,366500,344500
SJ6643,366500,343500
SJ6642,366500,342500
SJ6641,366500,341500
SJ6588,365500,388500
SJ6587,365500,387500
SJ6586,365500,386500
SJ6585,365500,385500
SJ6584,365500,384500
SJ6583,365500,383500
SJ6582,365500,382500
SJ6581,365500,381500
SJ6580,365500,380500
SJ6579,365500,379500
SJ6578,365500,378500
SJ6577,365500,377500
SJ6576,365500,376500
SJ6575,365500,375500
SJ6574,365500,374500
SJ6573,365500,373500
SJ6572,365500,372500
SJ6571,365500,371500
SJ6570,365500,370500
SJ6569,365500,369500
SJ6568,365500,368500
SJ6567,365500,367500
SJ6566,365500,366500
SJ6565,365500,365500
SJ6564,365500,364500
SJ6563,365500,363500
SJ6562,365500,362500
SJ6561,365500,361500
SJ6560,365500,360500
SJ6559,365500,359500
SJ6558,365500,358500
SJ6557,365500,357500
SJ6556,365500,356500
SJ6555,365500,355500
SJ6554,365500,354500
SJ6553,365500,353500
SJ6552,365500,352500
SJ6551,365500,351500
SJ6550,365500,350500
SJ6549,365500,349500
SJ6548,365500,348500
SJ6547,365500,347500
SJ6546,365500,346500
SJ6545,365500,345500
SJ6544,365500,344500
SJ6543,365500,343500
SJ6542,365500,342500
SJ6541,365500,341500
SJ6539,365500,339500
SJ6538,365500,338500
SJ6537,365500,337500
SJ6488,364500,388500
SJ6487,364500,387500
SJ6486,364500,386500
SJ6485,364500,385500
SJ6484,364500,384500
SJ6483,364500,383500
SJ6482,364500,382500
SJ6481,364500,381500
SJ6480,364500,380500
SJ6479,364500,379500
SJ6478,364500,378500
SJ6477,364500,377500
SJ6476,364500,376500
SJ6475,364500,375500
SJ6474,364500,374500
SJ6473,364500,373500
SJ6472,364500,372500
SJ6471,364500,371500
SJ6470,364500,370500
SJ6469,364500,369500
SJ6468,364500,368500
SJ6467,364500,367500
SJ6466,364500,366500
SJ6465,364500,365500
SJ6464,364500,364500
SJ6463,364500,363500
SJ6462,364500,362500
SJ6461,364500,361500
SJ6460,364500,360500
SJ6459,364500,359500
SJ6458,364500,358500
SJ6457,364500,357500
SJ6456,364500,356500
SJ6455,364500,355500
SJ6454,364500,354500
SJ6453,364500,353500
SJ6452,364500,352500
SJ6451,364500,351500
SJ6450,364500,350500
SJ6449,364500,349500
SJ6448,364500,348500
SJ6447,364500,347500
SJ6446,364500,346500
SJ6445,364500,345500
SJ6444,364500,344500
SJ6443,364500,343500
SJ6442,364500,342500
SJ6441,364500,341500
SJ6440,364500,340500
SJ6439,364500,339500
SJ6438,364500,338500
SJ6437,364500,337500
SJ6388,363500,388500
SJ6387,363500,387500
SJ6386,363500,386500
SJ6385,363500,385500
SJ6384,363500,384500
SJ6383,363500,383500
SJ6382,363500,382500
SJ6381,363500,381500
SJ6380,363500,380500
SJ6379,363500,379500
SJ6378,363500,378500
SJ6377,363500,377500
SJ6376,363500,376500
SJ6375,363500,375500
SJ6374,363500,374500
SJ6373,363500,373500
SJ6372,363500,372500
SJ6371,363500,371500
SJ6370,363500,370500
SJ6369,363500,369500
SJ6368,363500,368500
SJ6367,363500,367500
SJ6366,363500,366500
SJ6365,363500,365500
SJ6364,363500,364500
SJ6363,363500,363500
SJ6362,363500,362500
SJ6361,363500,361500
SJ6360,363500,360500
SJ6359,363500,359500
SJ6358,363500,358500
SJ6357,363500,357500
SJ6356,363500,356500
SJ6355,363500,355500
SJ6354,363500,354500
SJ6353,363500,353500
SJ6352,363500,352500
SJ6351,363500,351500
SJ6350,363500,350500
SJ6349,363500,349500
SJ6348,363500,348500
SJ6347,363500,347500
SJ6346,363500,346500
SJ6345,363500,345500
SJ6344,363500,344500
SJ6343,363500,343500
SJ6342,363500,342500
SJ6341,363500,341500
SJ6340,363500,340500
SJ6339,363500,339500
SJ6288,362500,388500
SJ6287,362500,387500
SJ6286,362500,386500
SJ6285,362500,385500
SJ6284,362500,384500
SJ6283,362500,383500
SJ6282,362500,382500
SJ6281,362500,381500
SJ6280,362500,380500
SJ6279,362500,379500
SJ6278,362500,378500
SJ6277,362500,377500
SJ6276,362500,376500
SJ6275,362500,375500
SJ6274,362500,374500
SJ6273,362500,373500
SJ6272,362500,372500
SJ6271,362500,371500
SJ6270,362500,370500
SJ6269,362500,369500
SJ6268,362500,368500
SJ6267,362500,367500
SJ6266,362500,366500
SJ6265,362500,365500
SJ6264,362500,364500
SJ6263,362500,363500
SJ6262,362500,362500
SJ6261,362500,361500
SJ6260,362500,360500
SJ6259,362500,359500
SJ6258,362500,358500
SJ6257,362500,357500
SJ6256,362500,356500
SJ6255,362500,355500
SJ6254,362500,354500
SJ6253,362500,353500
SJ6252,362500,352500
SJ6251,362500,351500
SJ6250,362500,350500
SJ6249,362500,349500
SJ6248,362500,348500
SJ6247,362500,347500
SJ6246,362500,346500
SJ6245,362500,345500
SJ6244,362500,344500
SJ6243,362500,343500
SJ6242,362500,342500
SJ6241,362500,341500
SJ6240,362500,340500
SJ6188,361500,388500
SJ6187,361500,387500
SJ6186,361500,386500
SJ6185,361500,385500
SJ6184,361500,384500
SJ6183,361500,383500
SJ6182,361500,382500
SJ6181,361500,381500
SJ6180,361500,380500
SJ6179,361500,379500
SJ6178,361500,378500
SJ6177,361500,377500
SJ6176,361500,376500
SJ6175,361500,375500
SJ6174,361500,374500
SJ6173,361500,373500
SJ6172,361500,372500
SJ6171,361500,371500
SJ6170,361500,370500
SJ6169,361500,369500
SJ6168,361500,368500
SJ6167,361500,367500
SJ6166,361500,366500
SJ6165,361500,365500
SJ6164,361500,364500
SJ6163,361500,363500
SJ6162,361500,362500
SJ6161,361500,361500
SJ6160,361500,360500
SJ6159,361500,359500
SJ6158,361500,358500
SJ6157,361500,357500
SJ6156,361500,356500
SJ6155,361500,355500
SJ6154,361500,354500
SJ6153,361500,353500
SJ6152,361500,352500
SJ6151,361500,351500
SJ6150,361500,350500
SJ6149,361500,349500
SJ6148,361500,348500
SJ6147,361500,347500
SJ6146,361500,346500
SJ6145,361500,345500
SJ6144,361500,344500
SJ6143,361500,343500
SJ6142,361500,342500
SJ6141,361500,341500
SJ6140,361500,340500
SJ6139,361500,339500
SJ6087,360500,387500
SJ6086,360500,386500
SJ6085,360500,385500
SJ6084,360500,384500
SJ6083,360500,383500
SJ6082,360500,382500
SJ6081,360500,381500
SJ6080,360500,380500
SJ6079,360500,379500
SJ6078,360500,378500
SJ6077,360500,377500
SJ6076,360500,376500
SJ6075,360500,375500
SJ6074,360500,374500
SJ6073,360500,373500
SJ6072,360500,372500
SJ6071,360500,371500
SJ6070,360500,370500
SJ6069,360500,369500
SJ6068,360500,368500
SJ6067,360500,367500
SJ6066,360500,366500
SJ6065,360500,365500
SJ6064,360500,364500
SJ6063,360500,363500
SJ6062,360500,362500
SJ6061,360500,361500
SJ6060,360500,360500
SJ6059,360500,359500
SJ6058,360500,358500
SJ6057,360500,357500
SJ6056,360500,356500
SJ6055,360500,355500
SJ6054,360500,354500
SJ6053,360500,353500
SJ6052,360500,352500
SJ6051,360500,351500
SJ6050,360500,350500
SJ6049,360500,349500
SJ6048,360500,348500
SJ6047,360500,347500
SJ6046,360500,346500
SJ6045,360500,345500
SJ6044,360500,344500
SJ6043,360500,343500
SJ6042,360500,342500
SJ6041,360500,341500
SJ6040,360500,340500
SJ6039,360500,339500
SJ5987,359500,387500
SJ5986,359500,386500
SJ5985,359500,385500
SJ5984,359500,384500
SJ5983,359500,383500
SJ5982,359500,382500
SJ5981,359500,381500
SJ5980,359500,380500
SJ5979,359500,379500
SJ5978,359500,378500
SJ5977,359500,377500
SJ5976,359500,376500
SJ5975,359500,375500
SJ5974,359500,374500
SJ5973,359500,373500
SJ5972,359500,372500
SJ5971,359500,371500
SJ5970,359500,370500
SJ5969,359500,369500
SJ5968,359500,368500
SJ5967,359500,367500
SJ5966,359500,366500
SJ5965,359500,365500
SJ5964,359500,364500
SJ5963,359500,363500
SJ5962,359500,362500
SJ5961,359500,361500
SJ5960,359500,360500
SJ5959,359500,359500
SJ5958,359500,358500
SJ5957,359500,357500
SJ5956,359500,356500
SJ5955,359500,355500
SJ5954,359500,354500
SJ5953,359500,353500
SJ5952,359500,352500
SJ5951,359500,351500
SJ5950,359500,350500
SJ5949,359500,349500
SJ5948,359500,348500
SJ5947,359500,347500
SJ5946,359500,346500
SJ5945,359500,345500
SJ5944,359500,344500
SJ5943,359500,343500
SJ5942,359500,342500
SJ5941,359500,341500
SJ5940,359500,340500
SJ5887,358500,387500
SJ5886,358500,386500
SJ5885,358500,385500
SJ5884,358500,384500
SJ5883,358500,383500
SJ5882,358500,382500
SJ5881,358500,381500
SJ5880,358500,380500
SJ5879,358500,379500
SJ5878,358500,378500
SJ5877,358500,377500
SJ5876,358500,376500
SJ5875,358500,375500
SJ5874,358500,374500
SJ5873,358500,373500
SJ5872,358500,372500
SJ5871,358500,371500
SJ5870,358500,370500
SJ5869,358500,369500
SJ5868,358500,368500
SJ5867,358500,367500
SJ5866,358500,366500
SJ5865,358500,365500
SJ5864,358500,364500
SJ5863,358500,363500
SJ5862,358500,362500
SJ5861,358500,361500
SJ5860,358500,360500
SJ5859,358500,359500
SJ5858,358500,358500
SJ5857,358500,357500
SJ5856,358500,356500
SJ5855,358500,355500
SJ5854,358500,354500
SJ5853,358500,353500
SJ5852,358500,352500
SJ5851,358500,351500
SJ5850,358500,350500
SJ5849,358500,349500
SJ5848,358500,348500
SJ5847,358500,347500
SJ5846,358500,346500
SJ5845,358500,345500
SJ5844,358500,344500
SJ5843,358500,343500
SJ5787,357500,387500
SJ5786,357500,386500
SJ5785,357500,385500
SJ5784,357500,384500
SJ5783,357500,383500
SJ5782,357500,382500
SJ5781,357500,381500
SJ5780,357500,380500
SJ5779,357500,379500
SJ5778,357500,378500
SJ5777,357500,377500
SJ5776,357500,376500
SJ5775,357500,375500
SJ5774,357500,374500
SJ5773,357500,373500
SJ5772,357500,372500
SJ5771,357500,371500
SJ5770,357500,370500
SJ5769,357500,369500
SJ5768,357500,368500
SJ5767,357500,367500
SJ5766,357500,366500
SJ5765,357500,365500
SJ5764,357500,364500
SJ5763,357500,363500
SJ5762,357500,362500
SJ5761,357500,361500
SJ5760,357500,360500
SJ5759,357500,359500
SJ5758,357500,358500
SJ5757,357500,357500
SJ5756,357500,356500
SJ5755,357500,355500
SJ5754,357500,354500
SJ5753,357500,353500
SJ5752,357500,352500
SJ5751,357500,351500
SJ5750,357500,350500
SJ5749,357500,349500
SJ5748,357500,348500
SJ5747,357500,347500
SJ5746,357500,346500
SJ5745,357500,345500
SJ5744,357500,344500
SJ5743,357500,343500
SJ5686,356500,386500
SJ5685,356500,385500
SJ5684,356500,384500
SJ5683,356500,383500
SJ5682,356500,382500
SJ5681,356500,381500
SJ5680,356500,380500
SJ5679,356500,379500
SJ5678,356500,378500
SJ5677,356500,377500
SJ5676,356500,376500
SJ5675,356500,375500
SJ5674,356500,374500
SJ5673,356500,373500
SJ5672,356500,372500
SJ5671,356500,371500
SJ5670,356500,370500
SJ5669,356500,369500
SJ5668,356500,368500
SJ5667,356500,367500
SJ5666,356500,366500
SJ5665,356500,365500
SJ5664,356500,364500
SJ5663,356500,363500
SJ5662,356500,362500
SJ5661,356500,361500
SJ5660,356500,360500
SJ5659,356500,359500
SJ5658,356500,358500
SJ5657,356500,357500
SJ5656,356500,356500
SJ5655,356500,355500
SJ5654,356500,354500
SJ5653,356500,353500
SJ5652,356500,352500
SJ5651,356500,351500
SJ5650,356500,350500
SJ5649,356500,349500
SJ5648,356500,348500
SJ5647,356500,347500
SJ5646,356500,346500
SJ5645,356500,345500
SJ5644,356500,344500
SJ5586,355500,386500
SJ5585,355500,385500
SJ5584,355500,384500
SJ5583,355500,383500
SJ5582,355500,382500
SJ5581,355500,381500
SJ5580,355500,380500
SJ5579,355500,379500
SJ5578,355500,378500
SJ5577,355500,377500
SJ5576,355500,376500
SJ5575,355500,375500
SJ5574,355500,374500
SJ5573,355500,373500
SJ5572,355500,372500
SJ5571,355500,371500
SJ5570,355500,370500
SJ5569,355500,369500
SJ5568,355500,368500
SJ5567,355500,367500
SJ5566,355500,366500
SJ5565,355500,365500
SJ5564,355500,364500
SJ5563,355500,363500
SJ5562,355500,362500
SJ5561,355500,361500
SJ5560,355500,360500
SJ5559,355500,359500
SJ5558,355500,358500
SJ5557,355500,357500
SJ5556,355500,356500
SJ5555,355500,355500
SJ5554,355500,354500
SJ5553,355500,353500
SJ5552,355500,352500
SJ5551,355500,351500
SJ5550,355500,350500
SJ5549,355500,349500
SJ5548,355500,348500
SJ5547,355500,347500
SJ5546,355500,346500
SJ5545,355500,345500
SJ5544,355500,344500
SJ5543,355500,343500
SJ5485,354500,385500
SJ5484,354500,384500
SJ5483,354500,383500
SJ5482,354500,382500
SJ5481,354500,381500
SJ5480,354500,380500
SJ5479,354500,379500
SJ5478,354500,378500
SJ5477,354500,377500
SJ5476,354500,376500
SJ5475,354500,375500
SJ5474,354500,374500
SJ5473,354500,373500
SJ5472,354500,372500
SJ5471,354500,371500
SJ5470,354500,370500
SJ5469,354500,369500
SJ5468,354500,368500
SJ5467,354500,367500
SJ5466,354500,366500
SJ5465,354500,365500
SJ5464,354500,364500
SJ5463,354500,363500
SJ5462,354500,362500
SJ5461,354500,361500
SJ5460,354500,360500
SJ5459,354500,359500
SJ5458,354500,358500
SJ5457,354500,357500
SJ5456,354500,356500
SJ5455,354500,355500
SJ5454,354500,354500
SJ5453,354500,353500
SJ5452,354500,352500
SJ5451,354500,351500
SJ5450,354500,350500
SJ5449,354500,349500
SJ5448,354500,348500
SJ5447,354500,347500
SJ5446,354500,346500
SJ5445,354500,345500
SJ5444,354500,344500
SJ5443,354500,343500
SJ5385,353500,385500
SJ5384,353500,384500
SJ5383,353500,383500
SJ5382,353500,382500
SJ5381,353500,381500
SJ5380,353500,380500
SJ5379,353500,379500
SJ5378,353500,378500
SJ5377,353500,377500
SJ5376,353500,376500
SJ5375,353500,375500
SJ5374,353500,374500
SJ5373,353500,373500
SJ5372,353500,372500
SJ5371,353500,371500
SJ5370,353500,370500
SJ5369,353500,369500
SJ5368,353500,368500
SJ5367,353500,367500
SJ5366,353500,366500
SJ5365,353500,365500
SJ5364,353500,364500
SJ5363,353500,363500
SJ5362,353500,362500
SJ5361,353500,361500
SJ5360,353500,360500
SJ5359,353500,359500
SJ5358,353500,358500
SJ5357,353500,357500
SJ5356,353500,356500
SJ5355,353500,355500
SJ5354,353500,354500
SJ5353,353500,353500
SJ5352,353500,352500
SJ5351,353500,351500
SJ5350,353500,350500
SJ5349,353500,349500
SJ5348,353500,348500
SJ5347,353500,347500
SJ5346,353500,346500
SJ5345,353500,345500
SJ5344,353500,344500
SJ5343,353500,343500
SJ5284,352500,384500
SJ5283,352500,383500
SJ5282,352500,382500
SJ5281,352500,381500
SJ5280,352500,380500
SJ5279,352500,379500
SJ5278,352500,378500
SJ5277,352500,377500
SJ5276,352500,376500
SJ5275,352500,375500
SJ5274,352500,374500
SJ5273,352500,373500
SJ5272,352500,372500
SJ5271,352500,371500
SJ5270,352500,370500
SJ5269,352500,369500
SJ5268,352500,368500
SJ5267,352500,367500
SJ5266,352500,366500
SJ5265,352500,365500
SJ5264,352500,364500
SJ5263,352500,363500
SJ5262,352500,362500
SJ5261,352500,361500
SJ5260,352500,360500
SJ5259,352500,359500
SJ5258,352500,358500
SJ5257,352500,357500
SJ5256,352500,356500
SJ5255,352500,355500
SJ5254,352500,354500
SJ5253,352500,353500
SJ5252,352500,352500
SJ5251,352500,351500
SJ5250,352500,350500
SJ5249,352500,349500
SJ5248,352500,348500
SJ5247,352500,347500
SJ5246,352500,346500
SJ5245,352500,345500
SJ5244,352500,344500
SJ5243,352500,343500
SJ5183,351500,383500
SJ5182,351500,382500
SJ5181,351500,381500
SJ5180,351500,380500
SJ5179,351500,379500
SJ5178,351500,378500
SJ5177,351500,377500
SJ5176,351500,376500
SJ5175,351500,375500
SJ5174,351500,374500
SJ5173,351500,373500
SJ5172,351500,372500
SJ5171,351500,371500
SJ5170,351500,370500
SJ5169,351500,369500
SJ5168,351500,368500
SJ5167,351500,367500
SJ5166,351500,366500
SJ5165,351500,365500
SJ5164,351500,364500
SJ5163,351500,363500
SJ5162,351500,362500
SJ5161,351500,361500
SJ5160,351500,360500
SJ5159,351500,359500
SJ5158,351500,358500
SJ5157,351500,357500
SJ5156,351500,356500
SJ5155,351500,355500
SJ5154,351500,354500
SJ5153,351500,353500
SJ5152,351500,352500
SJ5151,351500,351500
SJ5150,351500,350500
SJ5149,351500,349500
SJ5148,351500,348500
SJ5147,351500,347500
SJ5146,351500,346500
SJ5145,351500,345500
SJ5144,351500,344500
SJ5143,351500,343500
SJ5083,350500,383500
SJ5082,350500,382500
SJ5081,350500,381500
SJ5080,350500,380500
SJ5079,350500,379500
SJ5078,350500,378500
SJ5077,350500,377500
SJ5076,350500,376500
SJ5075,350500,375500
SJ5074,350500,374500
SJ5073,350500,373500
SJ5072,350500,372500
SJ5071,350500,371500
SJ5070,350500,370500
SJ5069,350500,369500
SJ5068,350500,368500
SJ5067,350500,367500
SJ5066,350500,366500
SJ5065,350500,365500
SJ5064,350500,364500
SJ5063,350500,363500
SJ5062,350500,362500
SJ5061,350500,361500
SJ5060,350500,360500
SJ5059,350500,359500
SJ5058,350500,358500
SJ5057,350500,357500
SJ5056,350500,356500
SJ5055,350500,355500
SJ5054,350500,354500
SJ5053,350500,353500
SJ5052,350500,352500
SJ5051,350500,351500
SJ5050,350500,350500
SJ5049,350500,349500
SJ5048,350500,348500
SJ5047,350500,347500
SJ5046,350500,346500
SJ5045,350500,345500
SJ5044,350500,344500
SJ5043,350500,343500
SJ4983,349500,383500
SJ4982,349500,382500
SJ4981,349500,381500
SJ4980,349500,380500
SJ4979,349500,379500
SJ4978,349500,378500
SJ4977,349500,377500
SJ4976,349500,376500
SJ4975,349500,375500
SJ4974,349500,374500
SJ4973,349500,373500
SJ4972,349500,372500
SJ4971,349500,371500
SJ4970,349500,370500
SJ4969,349500,369500
SJ4968,349500,368500
SJ4967,349500,367500
SJ4966,349500,366500
SJ4965,349500,365500
SJ4964,349500,364500
SJ4963,349500,363500
SJ4962,349500,362500
SJ4961,349500,361500
SJ4960,349500,360500
SJ4959,349500,359500
SJ4958,349500,358500
SJ4957,349500,357500
SJ4956,349500,356500
SJ4955,349500,355500
SJ4954,349500,354500
SJ4953,349500,353500
SJ4952,349500,352500
SJ4951,349500,351500
SJ4950,349500,350500
SJ4949,349500,349500
SJ4948,349500,348500
SJ4947,349500,347500
SJ4946,349500,346500
SJ4945,349500,345500
SJ4944,349500,344500
SJ4943,349500,343500
SJ4883,348500,383500
SJ4882,348500,382500
SJ4881,348500,381500
SJ4880,348500,380500
SJ4879,348500,379500
SJ4878,348500,378500
SJ4877,348500,377500
SJ4876,348500,376500
SJ4875,348500,375500
SJ4874,348500,374500
SJ4873,348500,373500
SJ4872,348500,372500
SJ4871,348500,371500
SJ4870,348500,370500
SJ4869,348500,369500
SJ4868,348500,368500
SJ4867,348500,367500
SJ4866,348500,366500
SJ4865,348500,365500
SJ4864,348500,364500
SJ4863,348500,363500
SJ4862,348500,362500
SJ4861,348500,361500
SJ4860,348500,360500
SJ4859,348500,359500
SJ4858,348500,358500
SJ4857,348500,357500
SJ4856,348500,356500
SJ4855,348500,355500
SJ4854,348500,354500
SJ4853,348500,353500
SJ4852,348500,352500
SJ4851,348500,351500
SJ4850,348500,350500
SJ4849,348500,349500
SJ4848,348500,348500
SJ4847,348500,347500
SJ4846,348500,346500
SJ4845,348500,345500
SJ4844,348500,344500
SJ4843,348500,343500
SJ4780,347500,380500
SJ4779,347500,379500
SJ4778,347500,378500
SJ4777,347500,377500
SJ4776,347500,376500
SJ4775,347500,375500
SJ4774,347500,374500
SJ4773,347500,373500
SJ4772,347500,372500
SJ4771,347500,371500
SJ4770,347500,370500
SJ4769,347500,369500
SJ4768,347500,368500
SJ4767,347500,367500
SJ4766,347500,366500
SJ4765,347500,365500
SJ4764,347500,364500
SJ4763,347500,363500
SJ4762,347500,362500
SJ4761,347500,361500
SJ4760,347500,360500
SJ4759,347500,359500
SJ4758,347500,358500
SJ4757,347500,357500
SJ4756,347500,356500
SJ4755,347500,355500
SJ4754,347500,354500
SJ4753,347500,353500
SJ4752,347500,352500
SJ4751,347500,351500
SJ4750,347500,350500
SJ4749,347500,349500
SJ4748,347500,348500
SJ4747,347500,347500
SJ4746,347500,346500
SJ4745,347500,345500
SJ4744,347500,344500
SJ4680,346500,380500
SJ4679,346500,379500
SJ4678,346500,378500
SJ4677,346500,377500
SJ4676,346500,376500
SJ4675,346500,375500
SJ4674,346500,374500
SJ4673,346500,373500
SJ4672,346500,372500
SJ4671,346500,371500
SJ4670,346500,370500
SJ4669,346500,369500
SJ4668,346500,368500
SJ4667,346500,367500
SJ4666,346500,366500
SJ4665,346500,365500
SJ4664,346500,364500
SJ4663,346500,363500
SJ4662,346500,362500
SJ4661,346500,361500
SJ4660,346500,360500
SJ4659,346500,359500
SJ4658,346500,358500
SJ4657,346500,357500
SJ4656,346500,356500
SJ4655,346500,355500
SJ4654,346500,354500
SJ4653,346500,353500
SJ4652,346500,352500
SJ4651,346500,351500
SJ4650,346500,350500
SJ4649,346500,349500
SJ4648,346500,348500
SJ4647,346500,347500
SJ4646,346500,346500
SJ4645,346500,345500
SJ4644,346500,344500
SJ4643,346500,343500
SJ4579,345500,379500
SJ4578,345500,378500
SJ4577,345500,377500
SJ4576,345500,376500
SJ4575,345500,375500
SJ4574,345500,374500
SJ4573,345500,373500
SJ4572,345500,372500
SJ4571,345500,371500
SJ4570,345500,370500
SJ4569,345500,369500
SJ4568,345500,368500
SJ4567,345500,367500
SJ4566,345500,366500
SJ4565,345500,365500
SJ4564,345500,364500
SJ4563,345500,363500
SJ4562,345500,362500
SJ4561,345500,361500
SJ4560,345500,360500
SJ4559,345500,359500
SJ4558,345500,358500
SJ4557,345500,357500
SJ4556,345500,356500
SJ4555,345500,355500
SJ4554,345500,354500
SJ4553,345500,353500
SJ4552,345500,352500
SJ4551,345500,351500
SJ4550,345500,350500
SJ4549,345500,349500
SJ4548,345500,348500
SJ4547,345500,347500
SJ4546,345500,346500
SJ4545,345500,345500
SJ4544,345500,344500
SJ4480,344500,380500
SJ4479,344500,379500
SJ4478,344500,378500
SJ4477,344500,377500
SJ4476,344500,376500
SJ4475,344500,375500
SJ4474,344500,374500
SJ4473,344500,373500
SJ4472,344500,372500
SJ4471,344500,371500
SJ4470,344500,370500
SJ4469,344500,369500
SJ4468,344500,368500
SJ4467,344500,367500
SJ4466,344500,366500
SJ4465,344500,365500
SJ4464,344500,364500
SJ4463,344500,363500
SJ4462,344500,362500
SJ4461,344500,361500
SJ4460,344500,360500
SJ4459,344500,359500
SJ4458,344500,358500
SJ4457,344500,357500
SJ4456,344500,356500
SJ4455,344500,355500
SJ4454,344500,354500
SJ4453,344500,353500
SJ4452,344500,352500
SJ4451,344500,351500
SJ4450,344500,350500
SJ4449,344500,349500
SJ4448,344500,348500
SJ4447,344500,347500
SJ4446,344500,346500
SJ4445,344500,345500
SJ4444,344500,344500
SJ4379,343500,379500
SJ4378,343500,378500
SJ4377,343500,377500
SJ4376,343500,376500
SJ4375,343500,375500
SJ4374,343500,374500
SJ4373,343500,373500
SJ4372,343500,372500
SJ4371,343500,371500
SJ4370,343500,370500
SJ4369,343500,369500
SJ4368,343500,368500
SJ4367,343500,367500
SJ4366,343500,366500
SJ4365,343500,365500
SJ4364,343500,364500
SJ4363,343500,363500
SJ4362,343500,362500
SJ4361,343500,361500
SJ4360,343500,360500
SJ4359,343500,359500
SJ4358,343500,358500
SJ4357,343500,357500
SJ4356,343500,356500
SJ4355,343500,355500
SJ4354,343500,354500
SJ4353,343500,353500
SJ4352,343500,352500
SJ4351,343500,351500
SJ4350,343500,350500
SJ4349,343500,349500
SJ4348,343500,348500
SJ4347,343500,347500
SJ4346,343500,346500
SJ4345,343500,345500
SJ4344,343500,344500
SJ4278,342500,378500
SJ4277,342500,377500
SJ4276,342500,376500
SJ4275,342500,375500
SJ4274,342500,374500
SJ4273,342500,373500
SJ4272,342500,372500
SJ4271,342500,371500
SJ4270,342500,370500
SJ4269,342500,369500
SJ4268,342500,368500
SJ4267,342500,367500
SJ4266,342500,366500
SJ4265,342500,365500
SJ4264,342500,364500
SJ4263,342500,363500
SJ4262,342500,362500
SJ4261,342500,361500
SJ4260,342500,360500
SJ4259,342500,359500
SJ4258,342500,358500
SJ4257,342500,357500
SJ4256,342500,356500
SJ4255,342500,355500
SJ4254,342500,354500
SJ4253,342500,353500
SJ4252,342500,352500
SJ4251,342500,351500
SJ4250,342500,350500
SJ4249,342500,349500
SJ4248,342500,348500
SJ4247,342500,347500
SJ4246,342500,346500
SJ4178,341500,378500
SJ4177,341500,377500
SJ4176,341500,376500
SJ4175,341500,375500
SJ4174,341500,374500
SJ4173,341500,373500
SJ4172,341500,372500
SJ4171,341500,371500
SJ4170,341500,370500
SJ4169,341500,369500
SJ4168,341500,368500
SJ4167,341500,367500
SJ4166,341500,366500
SJ4165,341500,365500
SJ4164,341500,364500
SJ4163,341500,363500
SJ4162,341500,362500
SJ4161,341500,361500
SJ4160,341500,360500
SJ4159,341500,359500
SJ4158,341500,358500
SJ4157,341500,357500
SJ4156,341500,356500
SJ4155,341500,355500
SJ4154,341500,354500
SJ4153,341500,353500
SJ4152,341500,352500
SJ4151,341500,351500
SJ4150,341500,350500
SJ4149,341500,349500
SJ4079,340500,379500
SJ4078,340500,378500
SJ4077,340500,377500
SJ4076,340500,376500
SJ4075,340500,375500
SJ4074,340500,374500
SJ4073,340500,373500
SJ4072,340500,372500
SJ4071,340500,371500
SJ4070,340500,370500
SJ4069,340500,369500
SJ4068,340500,368500
SJ4067,340500,367500
SJ4066,340500,366500
SJ4065,340500,365500
SJ4064,340500,364500
SJ4063,340500,363500
SJ4062,340500,362500
SJ4061,340500,361500
SJ4060,340500,360500
SJ4059,340500,359500
SJ4058,340500,358500
SJ4057,340500,357500
SJ4056,340500,356500
SJ4055,340500,355500
SJ4054,340500,354500
SJ3979,339500,379500
SJ3978,339500,378500
SJ3977,339500,377500
SJ3976,339500,376500
SJ3975,339500,375500
SJ3974,339500,374500
SJ3973,339500,373500
SJ3972,339500,372500
SJ3971,339500,371500
SJ3970,339500,370500
SJ3969,339500,369500
SJ3968,339500,368500
SJ3967,339500,367500
SJ3966,339500,366500
SJ3965,339500,365500
SJ3964,339500,364500
SJ3963,339500,363500
SJ3962,339500,362500
SJ3961,339500,361500
SJ3960,339500,360500
SJ3959,339500,359500
SJ3958,339500,358500
SJ3957,339500,357500
SJ3956,339500,356500
SJ3955,339500,355500
SJ3880,338500,380500
SJ3879,338500,379500
SJ3878,338500,378500
SJ3877,338500,377500
SJ3876,338500,376500
SJ3875,338500,375500
SJ3874,338500,374500
SJ3873,338500,373500
SJ3872,338500,372500
SJ3871,338500,371500
SJ3870,338500,370500
SJ3869,338500,369500
SJ3868,338500,368500
SJ3867,338500,367500
SJ3866,338500,366500
SJ3865,338500,365500
SJ3864,338500,364500
SJ3863,338500,363500
SJ3862,338500,362500
SJ3861,338500,361500
SJ3860,338500,360500
SJ3859,338500,359500
SJ3858,338500,358500
SJ3857,338500,357500
SJ3781,337500,381500
SJ3780,337500,380500
SJ3779,337500,379500
SJ3778,337500,378500
SJ3777,337500,377500
SJ3776,337500,376500
SJ3775,337500,375500
SJ3774,337500,374500
SJ3773,337500,373500
SJ3772,337500,372500
SJ3771,337500,371500
SJ3770,337500,370500
SJ3769,337500,369500
SJ3768,337500,368500
SJ3767,337500,367500
SJ3766,337500,366500
SJ3764,337500,364500
SJ3763,337500,363500
SJ3762,337500,362500
SJ3761,337500,361500
SJ3760,337500,360500
SJ3759,337500,359500
SJ3758,337500,358500
SJ3683,336500,383500
SJ3682,336500,382500
SJ3681,336500,381500
SJ3680,336500,380500
SJ3679,336500,379500
SJ3678,336500,378500
SJ3677,336500,377500
SJ3676,336500,376500
SJ3675,336500,375500
SJ3674,336500,374500
SJ3673,336500,373500
SJ3672,336500,372500
SJ3671,336500,371500
SJ3670,336500,370500
SJ3669,336500,369500
SJ3668,336500,368500
SJ3667,336500,367500
SJ3663,336500,363500
SJ3662,336500,362500
SJ3661,336500,361500
SJ3660,336500,360500
SJ3659,336500,359500
SJ3658,336500,358500
SJ3584,335500,384500
SJ3583,335500,383500
SJ3582,335500,382500
SJ3581,335500,381500
SJ3580,335500,380500
SJ3579,335500,379500
SJ3578,335500,378500
SJ3577,335500,377500
SJ3576,335500,376500
SJ3575,335500,375500
SJ3574,335500,374500
SJ3573,335500,373500
SJ3572,335500,372500
SJ3571,335500,371500
SJ3570,335500,370500
SJ3569,335500,369500
SJ3563,335500,363500
SJ3562,335500,362500
SJ3561,335500,361500
SJ3560,335500,360500
SJ3559,335500,359500
SJ3486,334500,386500
SJ3485,334500,385500
SJ3484,334500,384500
SJ3483,334500,383500
SJ3482,334500,382500
SJ3481,334500,381500
SJ3480,334500,380500
SJ3479,334500,379500
SJ3478,334500,378500
SJ3477,334500,377500
SJ3476,334500,376500
SJ3475,334500,375500
SJ3474,334500,374500
SJ3473,334500,373500
SJ3472,334500,372500
SJ3471,334500,371500
SJ3470,334500,370500
SJ3462,334500,362500
SJ3461,334500,361500
SJ3389,333500,389500
SJ3388,333500,388500
SJ3387,333500,387500
SJ3386,333500,386500
SJ3385,333500,385500
SJ3384,333500,384500
SJ3383,333500,383500
SJ3382,333500,382500
SJ3381,333500,381500
SJ3380,333500,380500
SJ3379,333500,379500
SJ3378,333500,378500
SJ3377,333500,377500
SJ3376,333500,376500
SJ3375,333500,375500
SJ3374,333500,374500
SJ3373,333500,373500
SJ3372,333500,372500
SJ3371,333500,371500
SJ3370,333500,370500
SJ3362,333500,362500
SJ3292,332500,392500
SJ3291,332500,391500
SJ3290,332500,390500
SJ3289,332500,389500
SJ3288,332500,388500
SJ3287,332500,387500
SJ3286,332500,386500
SJ3285,332500,385500
SJ3284,332500,384500
SJ3283,332500,383500
SJ3282,332500,382500
SJ3281,332500,381500
SJ3280,332500,380500
SJ3279,332500,379500
SJ3278,332500,378500
SJ3277,332500,377500
SJ3276,332500,376500
SJ3275,332500,375500
SJ3274,332500,374500
SJ3273,332500,373500
SJ3272,332500,372500
SJ3271,332500,371500
SJ3194,331500,394500
SJ3193,331500,393500
SJ3192,331500,392500
SJ3191,331500,391500
SJ3190,331500,390500
SJ3189,331500,389500
SJ3188,331500,388500
SJ3187,331500,387500
SJ3186,331500,386500
SJ3185,331500,385500
SJ3184,331500,384500
SJ3183,331500,383500
SJ3182,331500,382500
SJ3181,331500,381500
SJ3180,331500,380500
SJ3179,331500,379500
SJ3178,331500,378500
SJ3177,331500,377500
SJ3176,331500,376500
SJ3175,331500,375500
SJ3174,331500,374500
SJ3173,331500,373500
SJ3172,331500,372500
SJ3094,330500,394500
SJ3093,330500,393500
SJ3092,330500,392500
SJ3091,330500,391500
SJ3090,330500,390500
SJ3089,330500,389500
SJ3088,330500,388500
SJ3087,330500,387500
SJ3086,330500,386500
SJ3085,330500,385500
SJ3084,330500,384500
SJ3083,330500,383500
SJ3082,330500,382500
SJ3081,330500,381500
SJ3080,330500,380500
SJ3079,330500,379500
SJ3078,330500,378500
SJ3077,330500,377500
SJ3076,330500,376500
SJ3075,330500,375500
SJ3074,330500,374500
SJ3073,330500,373500
SJ2994,329500,394500
SJ2993,329500,393500
SJ2992,329500,392500
SJ2991,329500,391500
SJ2990,329500,390500
SJ2989,329500,389500
SJ2988,329500,388500
SJ2987,329500,387500
SJ2986,329500,386500
SJ2985,329500,385500
SJ2984,329500,384500
SJ2983,329500,383500
SJ2982,329500,382500
SJ2981,329500,381500
SJ2980,329500,380500
SJ2979,329500,379500
SJ2978,329500,378500
SJ2977,329500,377500
SJ2976,329500,376500
SJ2975,329500,375500
SJ2974,329500,374500
SJ2973,329500,373500
SJ2894,328500,394500
SJ2893,328500,393500
SJ2892,328500,392500
SJ2891,328500,391500
SJ2890,328500,390500
SJ2889,328500,389500
SJ2888,328500,388500
SJ2887,328500,387500
SJ2886,328500,386500
SJ2885,328500,385500
SJ2884,328500,384500
SJ2883,328500,383500
SJ2882,328500,382500
SJ2881,328500,381500
SJ2880,328500,380500
SJ2879,328500,379500
SJ2878,328500,378500
SJ2877,328500,377500
SJ2876,328500,376500
SJ2875,328500,375500
SJ2874,328500,374500
SJ2873,328500,373500
SJ2795,327500,395500
SJ2794,327500,394500
SJ2793,327500,393500
SJ2792,327500,392500
SJ2791,327500,391500
SJ2790,327500,390500
SJ2789,327500,389500
SJ2788,327500,388500
SJ2787,327500,387500
SJ2786,327500,386500
SJ2785,327500,385500
SJ2784,327500,384500
SJ2783,327500,383500
SJ2782,327500,382500
SJ2781,327500,381500
SJ2780,327500,380500
SJ2779,327500,379500
SJ2778,327500,378500
SJ2777,327500,377500
SJ2776,327500,376500
SJ2775,327500,375500
SJ2774,327500,374500
SJ2773,327500,373500
SJ2695,326500,395500
SJ2694,326500,394500
SJ2693,326500,393500
SJ2692,326500,392500
SJ2691,326500,391500
SJ2690,326500,390500
SJ2689,326500,389500
SJ2688,326500,388500
SJ2687,326500,387500
SJ2686,326500,386500
SJ2685,326500,385500
SJ2684,326500,384500
SJ2683,326500,383500
SJ2682,326500,382500
SJ2681,326500,381500
SJ2680,326500,380500
SJ2679,326500,379500
SJ2678,326500,378500
SJ2677,326500,377500
SJ2676,326500,376500
SJ2675,326500,375500
SJ2674,326500,374500
SJ2594,325500,394500
SJ2593,325500,393500
SJ2592,325500,392500
SJ2591,325500,391500
SJ2590,325500,390500
SJ2589,325500,389500
SJ2588,325500,388500
SJ2587,325500,387500
SJ2586,325500,386500
SJ2585,325500,385500
SJ2584,325500,384500
SJ2583,325500,383500
SJ2582,325500,382500
SJ2581,325500,381500
SJ2580,325500,380500
SJ2579,325500,379500
SJ2578,325500,378500
SJ2577,325500,377500
SJ2576,325500,376500
SJ2575,325500,375500
SJ2493,324500,393500
SJ2492,324500,392500
SJ2491,324500,391500
SJ2490,324500,390500
SJ2489,324500,389500
SJ2488,324500,388500
SJ2487,324500,387500
SJ2486,324500,386500
SJ2485,324500,385500
SJ2484,324500,384500
SJ2483,324500,383500
SJ2482,324500,382500
SJ2481,324500,381500
SJ2480,324500,380500
SJ2479,324500,379500
SJ2478,324500,378500
SJ2477,324500,377500
SJ2393,323500,393500
SJ2392,323500,392500
SJ2391,323500,391500
SJ2390,323500,390500
SJ2389,323500,389500
SJ2388,323500,388500
SJ2387,323500,387500
SJ2386,323500,386500
SJ2385,323500,385500
SJ2384,323500,384500
SJ2383,323500,383500
SJ2382,323500,382500
SJ2381,323500,381500
SJ2380,323500,380500
SJ2379,323500,379500
SJ2378,323500,378500
SJ2293,322500,393500
SJ2292,322500,392500
SJ2291,322500,391500
SJ2290,322500,390500
SJ2289,322500,389500
SJ2288,322500,388500
SJ2287,322500,387500
SJ2286,322500,386500
SJ2285,322500,385500
SJ2284,322500,384500
SJ2283,322500,383500
SJ2282,322500,382500
SJ2281,322500,381500
SJ2280,322500,380500
SJ2279,322500,379500
SJ2192,321500,392500
SJ2191,321500,391500
SJ2190,321500,390500
SJ2189,321500,389500
SJ2188,321500,388500
SJ2187,321500,387500
SJ2186,321500,386500
SJ2185,321500,385500
SJ2184,321500,384500
SJ2183,321500,383500
SJ2182,321500,382500
SJ2181,321500,381500
SJ2180,321500,380500
SJ2092,320500,392500
SJ2091,320500,391500
SJ2090,320500,390500
SJ2089,320500,389500
SJ2088,320500,388500
SJ2087,320500,387500
SJ2086,320500,386500
SJ2085,320500,385500
SJ2084,320500,384500
SJ2083,320500,383500
SJ2082,320500,382500
SJ2081,320500,381500
SJ1991,319500,391500
SJ1990,319500,390500
SJ1989,319500,389500
SJ1988,319500,388500
SJ1987,319500,387500
SJ1986,319500,386500
SJ1985,319500,385500
SJ1984,319500,384500
SJ1983,319500,383500
SJ1889,318500,389500
SJ1888,318500,388500
SJ1887,318500,387500
SJ1886,318500,386500
